age,income,time_on_website,previous_purchases,marketing_engaged,search_frequency,device_age,brand,will_purchase
56,45795,15.0,2,1,5,2.0,Realme,0
47,97969,15.0,3,0,5,2.0,Xiaomi,0
32,95725,15.0,1,0,5,2.0,Xiaomi,0
31,103969,15.0,0,1,5,2.0,Realme,0
57,119475,15.0,3,1,5,2.0,Apple,1
33,54300,15.0,0,0,5,2.0,Apple,1
41,78190,15.0,0,0,5,2.0,OnePlus,0
51,82256,15.0,2,0,5,2.0,Realme,0
43,36910,15.0,4,1,5,2.0,Apple,0
32,63827,15.0,3,1,5,2.0,Xiaomi,0
28,48047,15.0,2,1,5,2.0,Samsung,1
59,96199,15.0,0,1,5,2.0,Samsung,0
45,30854,15.0,4,0,5,2.0,OnePlus,1
28,110623,15.0,2,1,5,2.0,Xiaomi,1
58,114896,15.0,0,0,5,2.0,Samsung,1
18,50932,15.0,3,1,5,2.0,Samsung,1
55,83351,15.0,0,1,5,2.0,Samsung,0
21,53328,15.0,4,1,5,2.0,OnePlus,0
44,79377,15.0,0,1,5,2.0,Xiaomi,0
45,48589,15.0,0,1,5,2.0,OnePlus,0
38,36102,15.0,1,1,5,2.0,Samsung,0
59,75017,15.0,3,0,5,2.0,OnePlus,1
37,32368,15.0,1,0,5,2.0,Xiaomi,1
59,83006,15.0,2,0,5,2.0,Samsung,0
30,47019,15.0,0,0,5,2.0,Samsung,0
18,96617,15.0,1,1,5,2.0,Samsung,0
46,91389,15.0,4,1,5,2.0,Xiaomi,0
27,109605,15.0,1,1,5,2.0,Apple,0
49,90890,15.0,1,1,5,2.0,Xiaomi,0
46,116027,15.0,1,1,5,2.0,Realme,0
24,33267,15.0,4,0,5,2.0,Realme,0
52,113042,15.0,3,0,5,2.0,Realme,0
39,96234,15.0,2,1,5,2.0,Xiaomi,0
33,116900,15.0,1,1,5,2.0,Xiaomi,0
28,36801,15.0,4,0,5,2.0,Apple,1
25,43807,15.0,4,1,5,2.0,Xiaomi,0
56,55289,15.0,0,0,5,2.0,OnePlus,1
42,63591,15.0,4,1,5,2.0,Apple,0
36,43843,15.0,1,0,5,2.0,Samsung,0
29,53959,15.0,0,1,5,2.0,Apple,1
30,65547,15.0,1,0,5,2.0,Realme,0
22,31015,15.0,0,1,5,2.0,Apple,1
18,30404,15.0,1,0,5,2.0,Xiaomi,0
34,86397,15.0,1,1,5,2.0,OnePlus,0
20,62049,15.0,3,0,5,2.0,Xiaomi,1
35,36941,15.0,4,0,5,2.0,Apple,0
27,85479,15.0,2,1,5,2.0,Xiaomi,0
40,110719,15.0,1,0,5,2.0,Xiaomi,0
36,87108,15.0,1,0,5,2.0,Realme,1
39,40478,15.0,4,1,5,2.0,Apple,1
24,35122,15.0,0,0,5,2.0,Apple,0
39,86793,15.0,1,0,5,2.0,Realme,0
57,111264,15.0,0,1,5,2.0,Samsung,1
23,31605,15.0,3,0,5,2.0,Samsung,1
47,114471,15.0,3,1,5,2.0,Apple,0
50,75587,15.0,1,1,5,2.0,Apple,1
27,32219,15.0,0,0,5,2.0,Apple,0
31,97444,15.0,4,1,5,2.0,Apple,1
38,45524,15.0,2,0,5,2.0,Xiaomi,0
50,117062,15.0,2,1,5,2.0,Samsung,0
20,113122,15.0,4,1,5,2.0,Realme,0
50,97779,15.0,3,1,5,2.0,Realme,0
46,50103,15.0,3,1,5,2.0,Xiaomi,0
27,106325,15.0,2,0,5,2.0,OnePlus,0
53,110879,15.0,4,1,5,2.0,Realme,0
58,33797,15.0,4,1,5,2.0,Realme,0
27,69224,15.0,1,0,5,2.0,OnePlus,0
41,97526,15.0,0,0,5,2.0,Samsung,0
37,82853,15.0,4,0,5,2.0,Samsung,0
46,102847,15.0,2,1,5,2.0,Samsung,0
18,82487,15.0,4,1,5,2.0,OnePlus,1
20,60678,15.0,2,0,5,2.0,Samsung,0
54,116925,15.0,3,0,5,2.0,Apple,0
18,53236,15.0,0,1,5,2.0,Apple,0
52,47771,15.0,1,0,5,2.0,OnePlus,0
56,53752,15.0,1,0,5,2.0,Apple,0
55,56657,15.0,3,0,5,2.0,Apple,1
27,89052,15.0,4,0,5,2.0,Xiaomi,0
43,83276,15.0,4,1,5,2.0,OnePlus,0
53,104478,15.0,4,1,5,2.0,Xiaomi,0
57,67904,15.0,3,1,5,2.0,Apple,1
34,79481,15.0,0,0,5,2.0,Xiaomi,0
29,107454,15.0,4,0,5,2.0,Realme,1
25,113441,15.0,2,0,5,2.0,Xiaomi,0
51,112050,15.0,1,0,5,2.0,Apple,0
59,104859,15.0,2,0,5,2.0,OnePlus,0
46,59629,15.0,3,0,5,2.0,Xiaomi,0
47,115680,15.0,0,0,5,2.0,Apple,1
54,75028,15.0,4,0,5,2.0,OnePlus,0
27,70042,15.0,0,0,5,2.0,Samsung,0
59,114386,15.0,0,1,5,2.0,OnePlus,1
46,95160,15.0,3,1,5,2.0,Xiaomi,0
25,51754,15.0,2,0,5,2.0,Realme,1
51,101719,15.0,2,0,5,2.0,OnePlus,1
48,77638,15.0,2,0,5,2.0,Apple,0
34,61966,15.0,3,1,5,2.0,OnePlus,0
21,80192,15.0,3,0,5,2.0,Apple,1
29,117046,15.0,2,1,5,2.0,OnePlus,0
56,98878,15.0,3,0,5,2.0,Apple,0
33,58602,15.0,2,1,5,2.0,Samsung,0
42,112711,15.0,4,1,5,2.0,Xiaomi,1
20,45251,15.0,4,1,5,2.0,Samsung,0
41,112503,15.0,0,1,5,2.0,Realme,0
39,99298,15.0,1,1,5,2.0,Xiaomi,0
19,36368,15.0,1,1,5,2.0,Realme,1
28,87660,15.0,2,1,5,2.0,Samsung,0
28,76163,15.0,3,1,5,2.0,Apple,0
30,31560,15.0,3,0,5,2.0,OnePlus,0
35,46082,15.0,0,0,5,2.0,Samsung,0
47,89321,15.0,1,0,5,2.0,Xiaomi,0
53,73585,15.0,4,0,5,2.0,Apple,0
52,49975,15.0,3,1,5,2.0,Apple,0
31,100135,15.0,0,0,5,2.0,Apple,1
40,82233,15.0,3,1,5,2.0,Realme,0
54,81886,15.0,4,0,5,2.0,Samsung,0
46,110896,15.0,2,1,5,2.0,Realme,1
46,45398,15.0,1,1,5,2.0,Xiaomi,0
46,43669,15.0,1,0,5,2.0,Apple,0
57,80138,15.0,1,0,5,2.0,Samsung,1
50,103384,15.0,1,0,5,2.0,Realme,0
36,47772,15.0,0,1,5,2.0,Samsung,1
28,106743,15.0,4,1,5,2.0,Apple,0
29,51636,15.0,2,1,5,2.0,OnePlus,0
32,86088,15.0,3,0,5,2.0,Xiaomi,0
46,102430,15.0,3,1,5,2.0,Apple,0
30,93646,15.0,4,0,5,2.0,Samsung,0
39,53669,15.0,0,1,5,2.0,Apple,0
54,85826,15.0,2,0,5,2.0,Samsung,0
50,47014,15.0,0,0,5,2.0,Realme,1
38,62117,15.0,4,1,5,2.0,Samsung,0
57,103379,15.0,2,0,5,2.0,Samsung,1
25,103794,15.0,3,1,5,2.0,OnePlus,0
53,72828,15.0,3,0,5,2.0,Apple,0
22,92711,15.0,3,1,5,2.0,Realme,0
19,114328,15.0,2,0,5,2.0,Samsung,1
59,42329,15.0,1,1,5,2.0,Apple,0
52,102909,15.0,2,0,5,2.0,Samsung,0
30,78244,15.0,4,1,5,2.0,Xiaomi,1
46,107866,15.0,0,1,5,2.0,OnePlus,1
38,100984,15.0,3,0,5,2.0,Xiaomi,0
55,87009,15.0,1,1,5,2.0,Realme,1
55,103294,15.0,1,1,5,2.0,Apple,0
49,30163,15.0,3,0,5,2.0,Xiaomi,0
52,44056,15.0,0,0,5,2.0,Apple,0
46,72080,15.0,0,1,5,2.0,Xiaomi,0
41,86492,15.0,0,0,5,2.0,Realme,0
48,78355,15.0,0,1,5,2.0,OnePlus,0
42,65144,15.0,1,1,5,2.0,OnePlus,1
44,117527,15.0,3,1,5,2.0,Xiaomi,1
47,44291,15.0,4,1,5,2.0,Realme,0
25,53911,15.0,4,0,5,2.0,Xiaomi,1
48,76486,15.0,3,0,5,2.0,OnePlus,0
54,59806,15.0,1,0,5,2.0,Samsung,0
56,109578,15.0,0,0,5,2.0,Realme,0
37,66751,15.0,4,1,5,2.0,OnePlus,1
27,94429,15.0,3,0,5,2.0,Samsung,0
41,95697,15.0,3,0,5,2.0,Xiaomi,1
53,35469,15.0,4,1,5,2.0,Samsung,1
37,60447,15.0,4,0,5,2.0,Xiaomi,0
47,36397,15.0,4,1,5,2.0,Samsung,1
22,56201,15.0,3,1,5,2.0,Apple,0
48,97155,15.0,1,1,5,2.0,Realme,0
59,37896,15.0,2,1,5,2.0,Realme,0
35,37927,15.0,2,0,5,2.0,Realme,0
54,56928,15.0,1,1,5,2.0,Realme,0
39,49446,15.0,1,1,5,2.0,Realme,0
23,99184,15.0,3,1,5,2.0,Apple,0
57,60651,15.0,3,0,5,2.0,OnePlus,0
57,48133,15.0,0,1,5,2.0,Apple,0
52,51253,15.0,0,1,5,2.0,OnePlus,0
57,109057,15.0,4,0,5,2.0,OnePlus,0
54,97843,15.0,4,1,5,2.0,OnePlus,0
45,31125,15.0,4,0,5,2.0,OnePlus,0
45,79416,15.0,2,0,5,2.0,OnePlus,0
47,99615,15.0,0,0,5,2.0,Realme,1
32,62602,15.0,3,0,5,2.0,Realme,1
20,117960,15.0,3,0,5,2.0,OnePlus,1
50,116661,15.0,2,1,5,2.0,OnePlus,1
41,91709,15.0,0,1,5,2.0,Samsung,0
36,82142,15.0,2,1,5,2.0,Realme,0
58,101363,15.0,2,1,5,2.0,Realme,0
38,79812,15.0,0,1,5,2.0,Xiaomi,0
40,62174,15.0,3,1,5,2.0,OnePlus,1
20,41093,15.0,1,0,5,2.0,Apple,0
36,115371,15.0,4,0,5,2.0,Realme,0
25,67418,15.0,4,1,5,2.0,Realme,0
34,63623,15.0,0,1,5,2.0,Samsung,0
36,74363,15.0,0,0,5,2.0,Realme,0
40,82893,15.0,1,1,5,2.0,Samsung,0
45,108931,15.0,4,1,5,2.0,OnePlus,0
35,100194,15.0,1,1,5,2.0,Xiaomi,0
29,32282,15.0,2,1,5,2.0,Realme,0
52,66268,15.0,2,0,5,2.0,Apple,0
53,115920,15.0,1,0,5,2.0,Xiaomi,0
45,74014,15.0,0,1,5,2.0,Samsung,0
22,37069,15.0,2,1,5,2.0,OnePlus,1
59,32169,15.0,2,0,5,2.0,Xiaomi,0
34,89500,15.0,2,1,5,2.0,Realme,0
51,86882,15.0,4,1,5,2.0,Xiaomi,0
51,56762,15.0,3,0,5,2.0,OnePlus,0
54,105774,15.0,0,0,5,2.0,Apple,1
29,43893,15.0,2,0,5,2.0,Apple,0
34,60386,15.0,0,1,5,2.0,Xiaomi,0
34,32384,15.0,1,1,5,2.0,OnePlus,0
46,35845,15.0,0,0,5,2.0,Apple,0
52,107842,15.0,0,0,5,2.0,OnePlus,1
57,107064,15.0,4,1,5,2.0,OnePlus,0
55,52031,15.0,3,0,5,2.0,Apple,1
40,100263,15.0,2,1,5,2.0,Realme,0
42,60750,15.0,3,1,5,2.0,Apple,0
32,76101,15.0,1,0,5,2.0,Realme,0
58,109563,15.0,4,0,5,2.0,Samsung,0
46,71627,15.0,2,0,5,2.0,OnePlus,0
29,62441,15.0,4,1,5,2.0,Xiaomi,0
41,119963,15.0,3,0,5,2.0,Samsung,1
35,35355,15.0,0,0,5,2.0,Realme,0
40,113692,15.0,0,0,5,2.0,Xiaomi,0
52,103016,15.0,0,1,5,2.0,Apple,1
42,81813,15.0,3,1,5,2.0,Realme,0
34,107403,15.0,4,1,5,2.0,Realme,0
24,81955,15.0,0,1,5,2.0,Xiaomi,0
39,92522,15.0,0,1,5,2.0,Realme,0
49,104707,15.0,2,1,5,2.0,Samsung,0
57,108915,15.0,1,0,5,2.0,Samsung,0
22,35939,15.0,1,0,5,2.0,Samsung,1
48,97293,15.0,3,0,5,2.0,Realme,1
21,89234,15.0,1,1,5,2.0,Samsung,0
46,33642,15.0,3,1,5,2.0,OnePlus,0
18,86746,15.0,3,1,5,2.0,Apple,0
38,48601,15.0,0,1,5,2.0,OnePlus,0
44,85841,15.0,0,0,5,2.0,Realme,1
37,112612,15.0,0,1,5,2.0,Samsung,0
18,117440,15.0,1,0,5,2.0,Realme,0
24,119390,15.0,4,1,5,2.0,Realme,0
36,112534,15.0,4,0,5,2.0,OnePlus,0
46,49991,15.0,4,0,5,2.0,OnePlus,0
23,64148,15.0,2,0,5,2.0,Realme,0
58,56564,15.0,3,0,5,2.0,Apple,0
38,32708,15.0,0,1,5,2.0,Apple,0
42,41156,15.0,2,0,5,2.0,Samsung,0
40,43689,15.0,4,0,5,2.0,Samsung,0
29,48287,15.0,2,1,5,2.0,Samsung,0
31,100305,15.0,2,1,5,2.0,OnePlus,0
57,97391,15.0,2,0,5,2.0,Xiaomi,1
31,41889,15.0,2,1,5,2.0,OnePlus,0
22,40808,15.0,3,0,5,2.0,OnePlus,0
24,111486,15.0,0,1,5,2.0,OnePlus,0
46,85312,15.0,3,1,5,2.0,Realme,0
20,75833,15.0,3,1,5,2.0,Apple,0
37,94619,15.0,0,0,5,2.0,Realme,0
19,59084,15.0,3,0,5,2.0,Apple,1
45,92912,15.0,0,1,5,2.0,Samsung,0
44,114021,15.0,2,0,5,2.0,OnePlus,0
34,34138,15.0,4,1,5,2.0,Apple,0
28,103788,15.0,2,1,5,2.0,Samsung,0
20,30869,15.0,0,0,5,2.0,OnePlus,0
54,116664,15.0,3,1,5,2.0,Apple,0
32,77195,15.0,0,0,5,2.0,OnePlus,1
18,97173,15.0,3,1,5,2.0,Samsung,0
21,32187,15.0,4,1,5,2.0,Apple,1
59,91753,15.0,3,0,5,2.0,Realme,0
39,89848,15.0,4,0,5,2.0,Realme,0
35,43917,15.0,1,0,5,2.0,Samsung,1
31,99166,15.0,2,0,5,2.0,Xiaomi,0
59,38640,15.0,4,1,5,2.0,OnePlus,0
46,67158,15.0,0,0,5,2.0,Realme,0
20,70142,15.0,2,1,5,2.0,Xiaomi,1
24,30717,15.0,1,0,5,2.0,Apple,0
19,107535,15.0,1,0,5,2.0,Xiaomi,0
32,79683,15.0,3,1,5,2.0,Realme,1
49,38026,15.0,4,1,5,2.0,Samsung,1
34,74386,15.0,1,0,5,2.0,Xiaomi,1
39,86233,15.0,1,0,5,2.0,OnePlus,1
43,34886,15.0,4,0,5,2.0,Samsung,0
30,96458,15.0,3,0,5,2.0,Apple,0
37,30203,15.0,0,0,5,2.0,Realme,0
57,108278,15.0,3,1,5,2.0,Apple,0
48,104842,15.0,2,0,5,2.0,OnePlus,0
28,44334,15.0,4,1,5,2.0,Apple,0
36,106312,15.0,1,1,5,2.0,OnePlus,0
22,98798,15.0,2,0,5,2.0,Realme,0
44,76646,15.0,1,0,5,2.0,OnePlus,0
18,94575,15.0,1,0,5,2.0,Xiaomi,0
32,116795,15.0,1,0,5,2.0,OnePlus,0
57,106949,15.0,4,0,5,2.0,Apple,0
44,118151,15.0,3,1,5,2.0,OnePlus,1
29,108768,15.0,3,1,5,2.0,OnePlus,1
54,95149,15.0,4,1,5,2.0,OnePlus,0
53,74825,15.0,2,1,5,2.0,Apple,1
40,49520,15.0,0,0,5,2.0,Samsung,1
56,73856,15.0,0,0,5,2.0,Xiaomi,1
56,74739,15.0,3,0,5,2.0,Realme,0
25,78920,15.0,0,0,5,2.0,Xiaomi,1
27,116402,15.0,4,0,5,2.0,OnePlus,0
56,50862,15.0,0,1,5,2.0,Apple,0
25,101386,15.0,1,0,5,2.0,OnePlus,0
34,82509,15.0,0,0,5,2.0,Realme,0
32,61923,15.0,2,1,5,2.0,Xiaomi,0
26,66639,15.0,0,1,5,2.0,Samsung,1
38,99460,15.0,0,1,5,2.0,Apple,1
57,64642,15.0,3,0,5,2.0,OnePlus,1
49,65944,15.0,3,1,5,2.0,Apple,1
21,50389,15.0,1,0,5,2.0,Xiaomi,1
57,74041,15.0,3,1,5,2.0,Realme,0
51,48782,15.0,4,0,5,2.0,Samsung,1
32,70953,15.0,3,0,5,2.0,Samsung,0
38,43026,15.0,4,1,5,2.0,Apple,0
46,106996,15.0,4,1,5,2.0,Samsung,0
45,99497,15.0,4,0,5,2.0,Apple,1
59,102373,15.0,0,1,5,2.0,OnePlus,0
23,91602,15.0,3,1,5,2.0,Realme,0
39,95942,15.0,0,0,5,2.0,Realme,0
30,90294,15.0,3,0,5,2.0,OnePlus,0
34,80225,15.0,2,1,5,2.0,Realme,0
33,92653,15.0,4,0,5,2.0,Xiaomi,0
24,66343,15.0,4,1,5,2.0,Apple,0
51,67034,15.0,1,0,5,2.0,Realme,0
57,101545,15.0,3,1,5,2.0,Apple,1
49,79877,15.0,3,0,5,2.0,Samsung,0
50,92993,15.0,1,1,5,2.0,Samsung,1
42,31609,15.0,2,0,5,2.0,Apple,0
24,115712,15.0,4,0,5,2.0,Xiaomi,0
33,77365,15.0,3,1,5,2.0,Xiaomi,0
34,76142,15.0,1,0,5,2.0,Xiaomi,0
54,118860,15.0,3,1,5,2.0,Xiaomi,1
35,69876,15.0,2,1,5,2.0,Apple,1
32,93928,15.0,1,1,5,2.0,Apple,1
48,105910,15.0,3,1,5,2.0,OnePlus,0
19,68751,15.0,1,1,5,2.0,Realme,0
34,119312,15.0,2,0,5,2.0,Apple,1
59,114762,15.0,3,0,5,2.0,Samsung,0
50,63783,15.0,1,0,5,2.0,Realme,1
26,51067,15.0,2,0,5,2.0,Samsung,0
31,37452,15.0,3,1,5,2.0,Realme,0
23,109267,15.0,2,1,5,2.0,Samsung,0
22,106436,15.0,0,0,5,2.0,Xiaomi,0
51,73116,15.0,4,0,5,2.0,OnePlus,1
26,78924,15.0,2,0,5,2.0,Apple,0
41,34042,15.0,4,0,5,2.0,OnePlus,0
25,84383,15.0,3,1,5,2.0,Xiaomi,0
36,37130,15.0,1,1,5,2.0,Xiaomi,0
30,43331,15.0,1,1,5,2.0,OnePlus,0
23,34837,15.0,1,0,5,2.0,OnePlus,1
54,63367,15.0,2,1,5,2.0,Realme,1
40,115489,15.0,3,1,5,2.0,Apple,1
42,30946,15.0,0,0,5,2.0,Xiaomi,1
55,52490,15.0,0,1,5,2.0,Xiaomi,0
26,99922,15.0,3,0,5,2.0,OnePlus,0
52,104286,15.0,2,0,5,2.0,Realme,0
29,69133,15.0,3,1,5,2.0,Realme,0
39,54594,15.0,4,1,5,2.0,Samsung,0
46,31184,15.0,3,1,5,2.0,Apple,0
21,71850,15.0,2,0,5,2.0,Realme,0
31,101334,15.0,2,0,5,2.0,Samsung,1
46,81322,15.0,1,1,5,2.0,Apple,1
38,112476,15.0,3,1,5,2.0,Samsung,0
33,39837,15.0,4,0,5,2.0,Apple,1
30,95066,15.0,1,1,5,2.0,Xiaomi,0
23,109823,15.0,3,1,5,2.0,Samsung,0
28,51650,15.0,2,1,5,2.0,Apple,0
45,113232,15.0,3,0,5,2.0,Realme,1
52,50923,15.0,2,0,5,2.0,Xiaomi,0
40,31375,15.0,2,1,5,2.0,Samsung,0
37,59320,15.0,4,1,5,2.0,Realme,0
45,53464,15.0,1,0,5,2.0,Apple,0
52,113168,15.0,2,0,5,2.0,Samsung,1
46,76994,15.0,4,0,5,2.0,OnePlus,0
38,101289,15.0,3,0,5,2.0,Apple,0
26,76216,15.0,1,0,5,2.0,Samsung,0
48,30066,15.0,3,0,5,2.0,Realme,0
19,62567,15.0,0,1,5,2.0,Realme,0
56,30731,15.0,0,1,5,2.0,OnePlus,0
52,44605,15.0,2,0,5,2.0,Xiaomi,1
30,63798,15.0,2,0,5,2.0,Xiaomi,0
51,43386,15.0,2,0,5,2.0,Apple,0
18,32716,15.0,3,1,5,2.0,OnePlus,0
28,68185,15.0,3,0,5,2.0,Xiaomi,0
52,103843,15.0,1,0,5,2.0,Xiaomi,1
20,116717,15.0,0,1,5,2.0,Apple,1
24,35596,15.0,4,0,5,2.0,OnePlus,0
52,58132,15.0,0,0,5,2.0,Samsung,0
22,119156,15.0,1,1,5,2.0,Realme,0
55,73258,15.0,2,0,5,2.0,Samsung,0
45,40345,15.0,4,0,5,2.0,Xiaomi,1
59,76032,15.0,1,0,5,2.0,OnePlus,0
46,82116,15.0,0,1,5,2.0,OnePlus,0
24,62574,15.0,1,1,5,2.0,Realme,0
34,57094,15.0,4,1,5,2.0,OnePlus,1
38,104219,15.0,3,0,5,2.0,Apple,0
32,69725,15.0,0,1,5,2.0,OnePlus,1
23,60930,15.0,2,0,5,2.0,Apple,0
19,109737,15.0,2,0,5,2.0,Realme,0
48,73601,15.0,4,1,5,2.0,Samsung,1
27,115998,15.0,1,1,5,2.0,Samsung,0
24,45630,15.0,4,0,5,2.0,Apple,0
50,61376,15.0,1,0,5,2.0,Apple,1
46,62919,15.0,3,0,5,2.0,Apple,0
26,107004,15.0,4,1,5,2.0,OnePlus,0
50,41049,15.0,3,0,5,2.0,Xiaomi,0
18,45896,15.0,0,0,5,2.0,Realme,1
20,101091,15.0,1,0,5,2.0,OnePlus,0
38,102603,15.0,3,0,5,2.0,Samsung,0
31,98367,15.0,2,1,5,2.0,Realme,0
54,47199,15.0,2,1,5,2.0,OnePlus,0
34,76233,15.0,1,0,5,2.0,OnePlus,0
51,33240,15.0,0,0,5,2.0,Samsung,0
19,98619,15.0,3,0,5,2.0,Realme,0
27,59140,15.0,3,0,5,2.0,Xiaomi,0
24,61624,15.0,2,1,5,2.0,Realme,0
23,115844,15.0,0,0,5,2.0,Samsung,0
49,76825,15.0,4,1,5,2.0,Apple,1
35,70701,15.0,4,0,5,2.0,Apple,0
21,57689,15.0,1,0,5,2.0,OnePlus,0
22,107209,15.0,3,0,5,2.0,Realme,0
30,77588,15.0,2,0,5,2.0,Apple,0
30,51672,15.0,0,1,5,2.0,Apple,0
43,116436,15.0,3,0,5,2.0,Realme,0
48,86116,15.0,3,0,5,2.0,Realme,0
22,57105,15.0,0,0,5,2.0,Apple,0
27,76762,15.0,0,1,5,2.0,Realme,1
54,72292,15.0,1,0,5,2.0,Samsung,1
51,49177,15.0,3,0,5,2.0,Samsung,1
24,48646,15.0,4,0,5,2.0,OnePlus,0
21,45823,15.0,4,1,5,2.0,OnePlus,0
48,119131,15.0,2,1,5,2.0,Realme,1
53,63635,15.0,4,1,5,2.0,Samsung,1
44,64235,15.0,3,0,5,2.0,Samsung,1
36,94817,15.0,0,0,5,2.0,Samsung,0
44,109380,15.0,0,1,5,2.0,Xiaomi,0
50,88560,15.0,3,1,5,2.0,Realme,1
40,68258,15.0,1,0,5,2.0,Samsung,0
26,55616,15.0,3,1,5,2.0,Xiaomi,0
21,68885,15.0,0,0,5,2.0,Realme,0
40,51120,15.0,0,1,5,2.0,Xiaomi,0
49,84205,15.0,3,1,5,2.0,OnePlus,0
55,44266,15.0,3,1,5,2.0,OnePlus,0
31,106958,15.0,3,0,5,2.0,Xiaomi,1
27,52990,15.0,1,1,5,2.0,Xiaomi,0
55,58716,15.0,2,1,5,2.0,Xiaomi,1
34,105020,15.0,2,1,5,2.0,Apple,0
55,99123,15.0,4,1,5,2.0,OnePlus,1
57,84512,15.0,2,0,5,2.0,Apple,0
52,59113,15.0,4,1,5,2.0,Realme,1
43,105645,15.0,0,1,5,2.0,Apple,0
37,98321,15.0,3,1,5,2.0,Samsung,0
46,56183,15.0,2,1,5,2.0,Samsung,0
27,60286,15.0,2,0,5,2.0,Samsung,0
45,110052,15.0,3,0,5,2.0,Realme,0
43,77663,15.0,3,0,5,2.0,Realme,0
55,43753,15.0,0,0,5,2.0,Realme,0
52,73678,15.0,1,1,5,2.0,Samsung,0
19,31211,15.0,4,0,5,2.0,Apple,0
43,119317,15.0,4,1,5,2.0,Realme,0
38,112357,15.0,4,1,5,2.0,Apple,0
38,97847,15.0,3,1,5,2.0,Samsung,0
54,79990,15.0,2,1,5,2.0,Realme,0
43,47948,15.0,0,0,5,2.0,Realme,0
44,111494,15.0,1,1,5,2.0,Samsung,0
56,116551,15.0,2,1,5,2.0,Samsung,0
43,89840,15.0,2,0,5,2.0,OnePlus,0
22,94994,15.0,1,1,5,2.0,Apple,0
32,43288,15.0,3,1,5,2.0,Xiaomi,0
42,88959,15.0,3,0,5,2.0,Realme,0
35,80639,15.0,3,0,5,2.0,Apple,0
31,85856,15.0,0,0,5,2.0,OnePlus,0
54,119743,15.0,4,1,5,2.0,Xiaomi,0
50,99603,15.0,4,1,5,2.0,Samsung,0
56,96255,15.0,1,1,5,2.0,OnePlus,0
55,87804,15.0,4,0,5,2.0,Xiaomi,0
49,53840,15.0,2,0,5,2.0,Xiaomi,0
42,74722,15.0,4,1,5,2.0,Samsung,0
42,70097,15.0,1,0,5,2.0,OnePlus,0
28,89238,15.0,4,1,5,2.0,Realme,1
26,111171,15.0,2,1,5,2.0,Realme,0
59,107990,15.0,4,0,5,2.0,OnePlus,0
22,65790,15.0,0,1,5,2.0,Samsung,0
19,64160,15.0,1,0,5,2.0,Apple,0
39,45605,15.0,4,1,5,2.0,Xiaomi,0
26,95614,15.0,2,0,5,2.0,Realme,0
36,97906,15.0,4,0,5,2.0,Xiaomi,0
30,41560,15.0,3,1,5,2.0,OnePlus,0
58,43503,15.0,0,1,5,2.0,Apple,0
20,110729,15.0,1,0,5,2.0,Realme,0
29,35057,15.0,0,1,5,2.0,Realme,0
54,77218,15.0,4,0,5,2.0,Samsung,0
38,53806,15.0,0,1,5,2.0,Apple,0
30,107707,15.0,2,0,5,2.0,OnePlus,0
37,64206,15.0,3,1,5,2.0,Apple,0
30,90091,15.0,4,1,5,2.0,Samsung,1
43,117580,15.0,2,0,5,2.0,Samsung,1
35,103366,15.0,1,1,5,2.0,Apple,1
27,50823,15.0,4,0,5,2.0,Realme,0
53,53535,15.0,0,0,5,2.0,OnePlus,0
32,45385,15.0,2,1,5,2.0,Apple,0
35,56393,15.0,0,0,5,2.0,Xiaomi,0
53,108422,15.0,3,0,5,2.0,Realme,0
55,83014,15.0,1,0,5,2.0,OnePlus,0
29,76157,15.0,3,1,5,2.0,Samsung,0
40,88436,15.0,0,1,5,2.0,Samsung,0
48,56849,15.0,3,1,5,2.0,Xiaomi,0
47,72399,15.0,0,0,5,2.0,OnePlus,1
45,40619,15.0,1,0,5,2.0,Apple,0
25,114085,15.0,1,1,5,2.0,Xiaomi,0
51,49462,15.0,3,1,5,2.0,Xiaomi,0
48,89758,15.0,1,0,5,2.0,OnePlus,0
35,88408,15.0,2,0,5,2.0,Samsung,1
31,67792,15.0,3,0,5,2.0,OnePlus,0
47,87089,15.0,4,0,5,2.0,Apple,0
44,52784,15.0,1,0,5,2.0,Realme,0
37,48161,15.0,4,1,5,2.0,Apple,1
49,102782,15.0,4,0,5,2.0,Samsung,0
38,117236,15.0,3,0,5,2.0,OnePlus,1
42,108858,15.0,4,0,5,2.0,Realme,1
40,92147,15.0,2,0,5,2.0,Realme,0
59,57197,15.0,4,1,5,2.0,Samsung,0
44,80830,15.0,4,0,5,2.0,Xiaomi,0
22,98906,15.0,2,0,5,2.0,OnePlus,0
34,79961,15.0,0,0,5,2.0,Xiaomi,0
25,83413,15.0,3,0,5,2.0,Xiaomi,0
32,112143,15.0,3,0,5,2.0,OnePlus,0
29,39716,15.0,1,0,5,2.0,Realme,1
50,42062,15.0,1,0,5,2.0,Apple,1
47,104554,15.0,2,0,5,2.0,Apple,0
58,112606,15.0,1,1,5,2.0,Xiaomi,0
56,72495,15.0,1,0,5,2.0,Samsung,0
47,114294,15.0,4,1,5,2.0,OnePlus,0
29,35409,15.0,4,0,5,2.0,Samsung,0
38,57563,15.0,0,1,5,2.0,Realme,0
23,111258,15.0,0,1,5,2.0,Apple,0
18,57250,15.0,2,0,5,2.0,Xiaomi,1
53,53524,15.0,4,1,5,2.0,Realme,0
43,62694,15.0,1,0,5,2.0,Xiaomi,1
35,36256,15.0,2,1,5,2.0,Realme,1
45,46043,15.0,2,0,5,2.0,Samsung,0
53,99847,15.0,0,1,5,2.0,OnePlus,0
43,74999,15.0,1,0,5,2.0,OnePlus,0
28,68179,15.0,1,1,5,2.0,Realme,0
55,112190,15.0,1,1,5,2.0,OnePlus,0
32,50369,15.0,0,0,5,2.0,Apple,0
38,54124,15.0,3,1,5,2.0,Xiaomi,0
41,65771,15.0,4,0,5,2.0,Realme,0
56,85283,15.0,1,1,5,2.0,Xiaomi,1
56,63734,15.0,4,1,5,2.0,Apple,0
58,64815,15.0,2,0,5,2.0,OnePlus,0
34,106349,15.0,3,0,5,2.0,Apple,0
30,107400,15.0,0,0,5,2.0,Apple,0
26,67563,15.0,1,0,5,2.0,Samsung,1
50,117858,15.0,3,1,5,2.0,Apple,0
45,93171,15.0,4,0,5,2.0,Apple,0
21,52419,15.0,0,0,5,2.0,Apple,0
32,40974,15.0,0,1,5,2.0,Samsung,1
22,36853,15.0,0,0,5,2.0,OnePlus,0
29,30801,15.0,4,1,5,2.0,Apple,1
27,76404,15.0,0,1,5,2.0,OnePlus,0
21,37612,15.0,4,0,5,2.0,Apple,0
47,70088,15.0,4,1,5,2.0,Apple,0
19,64959,15.0,1,1,5,2.0,Samsung,0
58,89072,15.0,2,0,5,2.0,Xiaomi,0
58,44274,15.0,4,1,5,2.0,Apple,0
45,30002,15.0,2,0,5,2.0,Samsung,0
28,36791,15.0,3,0,5,2.0,Xiaomi,1
43,58261,15.0,4,0,5,2.0,Xiaomi,0
37,37310,15.0,4,0,5,2.0,Realme,0
33,69994,15.0,0,0,5,2.0,OnePlus,1
32,99619,15.0,1,0,5,2.0,Samsung,0
42,109944,15.0,2,1,5,2.0,Realme,0
35,77598,15.0,2,1,5,2.0,Apple,0
46,67134,15.0,2,0,5,2.0,Xiaomi,1
45,41162,15.0,0,1,5,2.0,Xiaomi,1
58,103225,15.0,3,0,5,2.0,Realme,0
28,117359,15.0,4,1,5,2.0,Samsung,0
36,37446,15.0,4,1,5,2.0,Samsung,1
36,58743,15.0,0,0,5,2.0,OnePlus,0
40,31695,15.0,3,1,5,2.0,Xiaomi,1
27,93294,15.0,0,1,5,2.0,Samsung,0
56,118731,15.0,4,0,5,2.0,OnePlus,0
57,68699,15.0,1,1,5,2.0,Apple,0
23,103757,15.0,4,0,5,2.0,Apple,0
51,113106,15.0,3,1,5,2.0,Samsung,0
55,88905,15.0,4,1,5,2.0,OnePlus,0
29,88418,15.0,3,1,5,2.0,OnePlus,0
46,81529,15.0,4,0,5,2.0,Apple,0
21,59480,15.0,2,1,5,2.0,Apple,0
41,60177,15.0,4,1,5,2.0,Samsung,0
43,49797,15.0,1,0,5,2.0,Apple,0
48,97643,15.0,2,1,5,2.0,Apple,0
32,52391,15.0,1,0,5,2.0,Samsung,1
28,48890,15.0,1,1,5,2.0,Realme,0
53,67089,15.0,0,1,5,2.0,Apple,0
45,64600,15.0,0,1,5,2.0,Samsung,0
59,74674,15.0,1,0,5,2.0,Apple,1
21,112896,15.0,0,1,5,2.0,Samsung,1
44,42501,15.0,4,1,5,2.0,OnePlus,0
24,119859,15.0,4,0,5,2.0,OnePlus,0
44,56148,15.0,1,1,5,2.0,Xiaomi,0
45,114416,15.0,2,0,5,2.0,Apple,0
25,68314,15.0,1,0,5,2.0,Samsung,1
28,109390,15.0,2,1,5,2.0,Realme,0
26,109409,15.0,4,1,5,2.0,Realme,0
38,87395,15.0,2,0,5,2.0,OnePlus,1
20,62430,15.0,4,1,5,2.0,Samsung,1
46,77993,15.0,4,0,5,2.0,OnePlus,1
55,34695,15.0,0,1,5,2.0,Xiaomi,0
33,116348,15.0,0,0,5,2.0,OnePlus,0
50,53244,15.0,4,1,5,2.0,Apple,0
50,69159,15.0,4,0,5,2.0,Realme,1
51,114932,15.0,4,1,5,2.0,Apple,0
43,35206,15.0,1,1,5,2.0,Apple,0
20,55825,15.0,0,0,5,2.0,Samsung,0
38,67030,15.0,0,0,5,2.0,Samsung,1
47,94595,15.0,2,0,5,2.0,Apple,0
39,113583,15.0,1,1,5,2.0,Realme,1
31,57657,15.0,0,1,5,2.0,OnePlus,0
34,41179,15.0,1,0,5,2.0,Apple,0
18,110210,15.0,1,0,5,2.0,OnePlus,0
56,59455,15.0,3,0,5,2.0,Samsung,0
29,47040,15.0,1,1,5,2.0,Realme,0
26,50968,15.0,1,0,5,2.0,OnePlus,0
40,113509,15.0,3,0,5,2.0,Apple,1
39,57818,15.0,4,1,5,2.0,Samsung,0
47,107061,15.0,2,0,5,2.0,Apple,0
53,49977,15.0,1,0,5,2.0,Realme,1
55,80624,15.0,3,1,5,2.0,OnePlus,0
30,71632,15.0,3,1,5,2.0,Xiaomi,1
48,107078,15.0,4,0,5,2.0,Apple,0
55,94182,15.0,4,0,5,2.0,OnePlus,0
36,116555,15.0,4,1,5,2.0,Xiaomi,1
29,61368,15.0,4,1,5,2.0,Samsung,0
24,55104,15.0,1,1,5,2.0,OnePlus,0
27,89858,15.0,2,0,5,2.0,Realme,0
30,61996,15.0,0,1,5,2.0,Realme,0
50,68031,15.0,2,1,5,2.0,Apple,1
35,116240,15.0,1,1,5,2.0,OnePlus,0
59,30565,15.0,4,1,5,2.0,OnePlus,0
18,76978,15.0,2,0,5,2.0,Samsung,1
53,94680,15.0,2,1,5,2.0,Xiaomi,0
48,75647,15.0,2,0,5,2.0,Xiaomi,1
34,108798,15.0,2,1,5,2.0,Xiaomi,0
52,39422,15.0,3,1,5,2.0,Samsung,0
59,104034,15.0,2,0,5,2.0,Realme,0
32,89136,15.0,3,1,5,2.0,Samsung,0
34,97619,15.0,0,1,5,2.0,OnePlus,0
30,107518,15.0,4,1,5,2.0,Samsung,1
43,103166,15.0,3,0,5,2.0,Apple,0
46,56411,15.0,0,0,5,2.0,OnePlus,0
59,89980,15.0,2,1,5,2.0,Realme,0
25,113038,15.0,3,1,5,2.0,Realme,0
37,60346,15.0,3,0,5,2.0,Samsung,1
25,62705,15.0,1,0,5,2.0,Apple,1
25,53365,15.0,3,1,5,2.0,Apple,1
43,97342,15.0,3,0,5,2.0,OnePlus,0
45,68725,15.0,0,1,5,2.0,Xiaomi,0
24,37507,15.0,1,0,5,2.0,OnePlus,0
27,104510,15.0,1,1,5,2.0,OnePlus,0
39,98684,15.0,2,0,5,2.0,Apple,0
42,118810,15.0,2,1,5,2.0,OnePlus,0
39,58690,15.0,0,1,5,2.0,Xiaomi,1
43,118952,15.0,4,0,5,2.0,Samsung,0
39,47818,15.0,0,1,5,2.0,Realme,1
21,62543,15.0,0,1,5,2.0,OnePlus,0
58,47629,15.0,3,0,5,2.0,OnePlus,0
18,96567,15.0,0,0,5,2.0,Samsung,1
27,78926,15.0,2,0,5,2.0,Apple,1
27,79892,15.0,4,0,5,2.0,Samsung,0
34,112643,15.0,0,1,5,2.0,Xiaomi,0
42,96793,15.0,4,0,5,2.0,OnePlus,0
21,113029,15.0,4,0,5,2.0,Apple,0
20,55378,15.0,4,1,5,2.0,Apple,0
48,62314,15.0,4,0,5,2.0,Apple,0
26,88031,15.0,1,0,5,2.0,Samsung,0
29,78700,15.0,2,0,5,2.0,Apple,0
19,59873,15.0,2,1,5,2.0,Apple,0
48,54918,15.0,2,1,5,2.0,Apple,0
44,114787,15.0,4,0,5,2.0,Samsung,0
59,78817,15.0,1,0,5,2.0,OnePlus,0
48,91807,15.0,2,1,5,2.0,Apple,0
46,113397,15.0,2,1,5,2.0,Samsung,0
48,65613,15.0,2,1,5,2.0,OnePlus,0
48,115013,15.0,3,0,5,2.0,Xiaomi,0
46,53447,15.0,4,1,5,2.0,Realme,0
40,99157,15.0,2,0,5,2.0,OnePlus,0
20,66575,15.0,2,1,5,2.0,OnePlus,1
49,85255,15.0,1,1,5,2.0,Xiaomi,0
50,67805,15.0,0,1,5,2.0,Apple,0
41,73663,15.0,2,0,5,2.0,Realme,0
23,55568,15.0,4,1,5,2.0,Realme,0
30,111943,15.0,2,1,5,2.0,Realme,1
41,90692,15.0,4,1,5,2.0,Samsung,0
39,61127,15.0,0,1,5,2.0,OnePlus,0
52,75971,15.0,4,0,5,2.0,Xiaomi,0
56,36050,15.0,3,0,5,2.0,Realme,0
57,90422,15.0,1,0,5,2.0,Xiaomi,1
21,43782,15.0,3,0,5,2.0,Xiaomi,0
28,53259,15.0,3,1,5,2.0,Xiaomi,1
20,53880,15.0,2,0,5,2.0,Samsung,1
28,81364,15.0,2,1,5,2.0,Samsung,1
37,91032,15.0,4,1,5,2.0,Realme,0
45,92904,15.0,1,1,5,2.0,Xiaomi,0
50,57301,15.0,4,0,5,2.0,OnePlus,0
26,35239,15.0,4,1,5,2.0,Xiaomi,0
43,117695,15.0,2,0,5,2.0,OnePlus,0
32,102790,15.0,2,0,5,2.0,Xiaomi,1
54,85894,15.0,1,1,5,2.0,Apple,1
34,78217,15.0,0,1,5,2.0,Xiaomi,0
54,31626,15.0,0,1,5,2.0,OnePlus,0
45,109012,15.0,1,1,5,2.0,Samsung,0
30,63370,15.0,2,1,5,2.0,Xiaomi,1
19,45932,15.0,3,0,5,2.0,Xiaomi,0
27,93042,15.0,2,0,5,2.0,Samsung,0
18,92028,15.0,1,1,5,2.0,Samsung,1
31,78043,15.0,1,0,5,2.0,Xiaomi,1
55,108047,15.0,3,1,5,2.0,Apple,0
57,67921,15.0,2,1,5,2.0,OnePlus,1
23,97439,15.0,1,0,5,2.0,Apple,1
30,31949,15.0,4,0,5,2.0,Xiaomi,0
35,44456,15.0,4,1,5,2.0,Realme,0
45,116760,15.0,3,0,5,2.0,Apple,0
40,40129,15.0,4,0,5,2.0,Realme,0
59,60552,15.0,3,1,5,2.0,Xiaomi,1
31,45008,15.0,4,0,5,2.0,Xiaomi,1
43,106215,15.0,2,0,5,2.0,Samsung,0
33,101160,15.0,1,0,5,2.0,Apple,0
57,74732,15.0,2,0,5,2.0,Xiaomi,0
48,43280,15.0,1,1,5,2.0,Apple,0
32,34830,15.0,2,0,5,2.0,Realme,0
21,66572,15.0,1,0,5,2.0,Realme,1
48,47997,15.0,4,0,5,2.0,Samsung,1
49,46292,15.0,0,1,5,2.0,Samsung,0
31,33216,15.0,2,0,5,2.0,Samsung,1
21,46979,15.0,0,1,5,2.0,Apple,1
33,48677,15.0,3,0,5,2.0,Samsung,1
27,96351,15.0,3,0,5,2.0,Samsung,0
57,59158,15.0,2,1,5,2.0,Realme,0
29,73158,15.0,0,1,5,2.0,Samsung,0
49,58180,15.0,3,1,5,2.0,Apple,1
40,83061,15.0,2,1,5,2.0,Samsung,0
44,64607,15.0,0,0,5,2.0,OnePlus,0
28,92601,15.0,1,1,5,2.0,Xiaomi,0
44,90817,15.0,4,0,5,2.0,Apple,0
59,116569,15.0,1,0,5,2.0,Realme,1
34,117739,15.0,2,0,5,2.0,Samsung,1
54,105481,15.0,2,1,5,2.0,Realme,1
18,36655,15.0,3,0,5,2.0,Apple,0
31,96178,15.0,4,1,5,2.0,OnePlus,0
49,113402,15.0,2,0,5,2.0,OnePlus,1
23,41519,15.0,2,1,5,2.0,Samsung,1
30,77445,15.0,3,0,5,2.0,Xiaomi,1
46,36574,15.0,1,0,5,2.0,Xiaomi,0
36,52191,15.0,0,1,5,2.0,Apple,0
23,103551,15.0,4,0,5,2.0,Samsung,0
35,91344,15.0,4,0,5,2.0,Samsung,0
25,108948,15.0,3,0,5,2.0,Xiaomi,1
34,51946,15.0,2,1,5,2.0,Apple,0
31,43733,15.0,1,0,5,2.0,OnePlus,0
21,40807,15.0,2,1,5,2.0,Samsung,0
18,68745,15.0,4,1,5,2.0,Samsung,1
36,55009,15.0,2,1,5,2.0,Apple,0
53,30048,15.0,4,0,5,2.0,Samsung,0
48,38888,15.0,0,1,5,2.0,Samsung,1
47,47533,15.0,4,0,5,2.0,Realme,0
30,61746,15.0,4,0,5,2.0,Realme,0
38,37835,15.0,4,0,5,2.0,Apple,0
37,96299,15.0,4,1,5,2.0,Apple,0
25,76229,15.0,1,1,5,2.0,Xiaomi,0
21,47241,15.0,0,1,5,2.0,OnePlus,0
55,37274,15.0,2,1,5,2.0,OnePlus,1
24,92963,15.0,1,1,5,2.0,Xiaomi,1
57,37140,15.0,2,0,5,2.0,Xiaomi,1
34,119532,15.0,3,0,5,2.0,Samsung,1
51,96617,15.0,3,1,5,2.0,OnePlus,0
35,31214,15.0,1,1,5,2.0,Apple,0
50,102105,15.0,2,1,5,2.0,Realme,0
50,36553,15.0,2,1,5,2.0,Samsung,1
23,32882,15.0,1,1,5,2.0,Realme,0
23,68255,15.0,3,0,5,2.0,Realme,1
51,107798,15.0,2,0,5,2.0,Apple,0
55,80969,15.0,2,0,5,2.0,OnePlus,0
57,60482,15.0,2,0,5,2.0,Apple,0
52,79431,15.0,4,1,5,2.0,Apple,1
27,70910,15.0,2,1,5,2.0,Realme,0
41,83744,15.0,4,1,5,2.0,Xiaomi,0
19,119882,15.0,2,1,5,2.0,Realme,1
52,31218,15.0,0,1,5,2.0,Realme,0
28,61740,15.0,2,1,5,2.0,Apple,1
28,77403,15.0,3,1,5,2.0,Apple,0
54,66741,15.0,1,1,5,2.0,OnePlus,0
31,34606,15.0,2,1,5,2.0,Xiaomi,0
18,58176,15.0,4,0,5,2.0,Realme,1
51,119082,15.0,1,1,5,2.0,Apple,0
45,45779,15.0,3,0,5,2.0,Samsung,1
52,107120,15.0,4,0,5,2.0,Xiaomi,0
53,52007,15.0,3,0,5,2.0,OnePlus,0
46,66820,15.0,3,1,5,2.0,Realme,0
59,72261,15.0,3,1,5,2.0,Samsung,0
45,100726,15.0,4,0,5,2.0,Realme,0
50,49455,15.0,2,1,5,2.0,Apple,0
35,59605,15.0,0,0,5,2.0,Xiaomi,0
55,44974,15.0,3,0,5,2.0,OnePlus,0
33,117116,15.0,2,0,5,2.0,Apple,1
33,108653,15.0,4,0,5,2.0,OnePlus,0
57,98860,15.0,1,1,5,2.0,Xiaomi,0
40,37897,15.0,1,0,5,2.0,Realme,0
19,63902,15.0,2,0,5,2.0,Apple,1
23,40057,15.0,0,1,5,2.0,Realme,1
52,50641,15.0,0,0,5,2.0,OnePlus,0
46,80117,15.0,2,0,5,2.0,Samsung,0
26,46997,15.0,4,1,5,2.0,Samsung,0
47,87737,15.0,0,0,5,2.0,Xiaomi,0
19,46352,15.0,2,0,5,2.0,Samsung,0
25,114860,15.0,3,1,5,2.0,Xiaomi,0
51,115970,15.0,3,0,5,2.0,Apple,0
19,98578,15.0,2,1,5,2.0,Realme,0
33,57032,15.0,0,1,5,2.0,Samsung,1
53,114816,15.0,0,1,5,2.0,Realme,1
47,102534,15.0,1,1,5,2.0,Apple,0
56,95898,15.0,3,1,5,2.0,Apple,1
41,87427,15.0,3,0,5,2.0,Apple,0
42,113251,15.0,0,0,5,2.0,Realme,0
46,45954,15.0,2,1,5,2.0,Samsung,0
28,113749,15.0,0,1,5,2.0,Apple,1
18,98835,15.0,3,0,5,2.0,Realme,0
22,40995,15.0,4,1,5,2.0,Realme,0
50,84862,15.0,1,1,5,2.0,Realme,0
37,105955,15.0,0,1,5,2.0,OnePlus,0
24,104155,15.0,1,0,5,2.0,OnePlus,0
50,68187,15.0,0,0,5,2.0,Apple,0
28,77458,15.0,0,0,5,2.0,Samsung,1
59,115504,15.0,2,0,5,2.0,Samsung,0
28,60028,15.0,2,0,5,2.0,Realme,0
20,47693,15.0,0,1,5,2.0,Realme,0
41,39953,15.0,1,0,5,2.0,Realme,0
32,79979,15.0,1,0,5,2.0,Apple,1
53,108655,15.0,0,1,5,2.0,Apple,0
20,57460,15.0,1,0,5,2.0,Xiaomi,0
31,100949,15.0,3,0,5,2.0,Samsung,0
29,43057,15.0,4,1,5,2.0,Samsung,0
35,106948,15.0,0,0,5,2.0,OnePlus,1
40,31659,15.0,3,0,5,2.0,Samsung,0
52,103062,15.0,4,1,5,2.0,Apple,0
33,49405,15.0,1,1,5,2.0,OnePlus,0
47,67830,15.0,1,0,5,2.0,Samsung,0
51,72477,15.0,2,1,5,2.0,Samsung,0
57,106639,15.0,1,1,5,2.0,Apple,0
45,81986,15.0,1,0,5,2.0,Samsung,1
37,82879,15.0,0,0,5,2.0,Apple,0
26,32775,15.0,0,1,5,2.0,Realme,1
23,114891,15.0,4,0,5,2.0,OnePlus,1
55,101310,15.0,3,1,5,2.0,Xiaomi,1
20,43566,15.0,3,0,5,2.0,Samsung,1
51,47184,15.0,4,0,5,2.0,Xiaomi,0
33,114511,15.0,3,0,5,2.0,Apple,1
34,82275,15.0,0,0,5,2.0,Xiaomi,0
45,50765,15.0,2,0,5,2.0,Xiaomi,0
31,87263,15.0,1,0,5,2.0,OnePlus,0
32,31286,15.0,3,0,5,2.0,Xiaomi,0
44,68174,15.0,3,0,5,2.0,Apple,0
22,112938,15.0,4,0,5,2.0,Samsung,0
43,113984,15.0,2,0,5,2.0,Realme,1
24,50010,15.0,0,1,5,2.0,Xiaomi,1
25,69536,15.0,3,1,5,2.0,Xiaomi,1
18,45376,15.0,1,0,5,2.0,OnePlus,0
31,111165,15.0,2,0,5,2.0,Xiaomi,1
44,102231,15.0,2,1,5,2.0,Xiaomi,1
30,114954,15.0,1,0,5,2.0,Realme,0
27,116479,15.0,0,0,5,2.0,Realme,0
36,113323,15.0,4,1,5,2.0,Realme,0
52,53901,15.0,1,0,5,2.0,Realme,1
38,102597,15.0,3,0,5,2.0,Realme,0
39,119049,15.0,2,1,5,2.0,Apple,1
28,116623,15.0,0,1,5,2.0,Xiaomi,0
58,39765,15.0,3,1,5,2.0,OnePlus,1
49,57257,15.0,4,1,5,2.0,Xiaomi,0
22,78586,15.0,0,1,5,2.0,Samsung,0
35,112418,15.0,2,1,5,2.0,Apple,0
52,82165,15.0,3,1,5,2.0,Apple,0
30,33577,15.0,2,0,5,2.0,OnePlus,0
36,70663,15.0,4,1,5,2.0,Xiaomi,0
28,82748,15.0,4,1,5,2.0,OnePlus,1
40,39321,15.0,3,0,5,2.0,OnePlus,1
59,45668,15.0,3,1,5,2.0,Apple,1
37,54667,15.0,4,0,5,2.0,Xiaomi,0
37,88817,15.0,3,0,5,2.0,Apple,1
53,65739,15.0,2,0,5,2.0,Samsung,0
42,106868,15.0,2,0,5,2.0,OnePlus,1
59,92866,15.0,1,1,5,2.0,OnePlus,0
56,62521,15.0,3,0,5,2.0,Realme,0
19,115827,15.0,3,0,5,2.0,Samsung,0
45,92805,15.0,0,1,5,2.0,OnePlus,0
18,66725,15.0,3,1,5,2.0,Realme,0
57,111924,15.0,4,1,5,2.0,Samsung,0
19,96836,15.0,3,1,5,2.0,Apple,1
26,37925,15.0,2,0,5,2.0,OnePlus,0
25,109538,15.0,1,0,5,2.0,Samsung,0
33,90282,15.0,4,1,5,2.0,OnePlus,0
53,77252,15.0,1,1,5,2.0,Xiaomi,1
23,38382,15.0,0,1,5,2.0,Apple,0
31,93908,15.0,2,0,5,2.0,Samsung,0
32,104180,15.0,0,1,5,2.0,Realme,0
32,54575,15.0,4,1,5,2.0,Xiaomi,0
31,104642,15.0,0,0,5,2.0,Realme,0
21,103124,15.0,1,0,5,2.0,Xiaomi,0
44,38631,15.0,0,1,5,2.0,Realme,0
57,38573,15.0,1,1,5,2.0,Realme,1
46,101610,15.0,4,0,5,2.0,Realme,0
36,67850,15.0,4,1,5,2.0,OnePlus,1
25,69492,15.0,4,1,5,2.0,Samsung,0
24,112678,15.0,4,0,5,2.0,OnePlus,1
56,91331,15.0,0,0,5,2.0,OnePlus,0
24,60632,15.0,0,1,5,2.0,Xiaomi,0
38,56015,15.0,0,0,5,2.0,Apple,0
48,55444,15.0,0,1,5,2.0,Apple,0
46,89267,15.0,1,0,5,2.0,Xiaomi,0
29,68805,15.0,0,0,5,2.0,OnePlus,1
44,75511,15.0,0,1,5,2.0,Apple,0
33,34901,15.0,1,0,5,2.0,Apple,1
18,118279,15.0,1,0,5,2.0,Apple,0
37,50860,15.0,0,1,5,2.0,Apple,0
43,45589,15.0,4,1,5,2.0,Samsung,0
23,51159,15.0,0,0,5,2.0,OnePlus,0
32,45329,15.0,4,1,5,2.0,OnePlus,0
20,80254,15.0,0,1,5,2.0,Samsung,0
45,82927,15.0,3,0,5,2.0,Samsung,1
34,35702,15.0,4,0,5,2.0,Xiaomi,0
46,54726,15.0,0,0,5,2.0,OnePlus,1
32,49491,15.0,1,0,5,2.0,Apple,0
46,95267,15.0,1,0,5,2.0,Xiaomi,0
35,64169,15.0,1,0,5,2.0,Samsung,0
56,111363,15.0,2,1,5,2.0,Samsung,0
43,109030,15.0,3,1,5,2.0,Samsung,1
18,57115,15.0,0,0,5,2.0,Apple,0
31,75986,15.0,4,0,5,2.0,Realme,0
39,66679,15.0,4,1,5,2.0,Xiaomi,0
57,102392,15.0,4,0,5,2.0,OnePlus,0
45,44751,15.0,0,1,5,2.0,OnePlus,0
48,90857,15.0,0,1,5,2.0,Apple,0
55,116491,15.0,1,1,5,2.0,Samsung,0
27,71298,15.0,3,0,5,2.0,Realme,0
38,116843,15.0,4,1,5,2.0,Realme,1
34,44319,15.0,0,0,5,2.0,OnePlus,0
38,35084,15.0,3,1,5,2.0,Apple,1
48,72002,15.0,4,0,5,2.0,Xiaomi,0
35,88465,15.0,1,0,5,2.0,Xiaomi,0
54,48371,15.0,2,0,5,2.0,Realme,0
59,59312,15.0,0,0,5,2.0,Xiaomi,1
44,117995,15.0,3,0,5,2.0,OnePlus,0
18,33936,15.0,4,0,5,2.0,Apple,0
25,95382,15.0,1,1,5,2.0,Apple,1
43,118789,15.0,0,1,5,2.0,Samsung,0
24,41066,15.0,4,0,5,2.0,Apple,0
46,101442,15.0,0,1,5,2.0,Xiaomi,0
53,97388,15.0,1,0,5,2.0,Realme,1
24,91248,15.0,2,0,5,2.0,Apple,0
25,48910,15.0,4,0,5,2.0,Xiaomi,0
19,111439,15.0,3,0,5,2.0,OnePlus,0
18,33936,15.0,0,1,5,2.0,Samsung,0
21,66672,15.0,3,0,5,2.0,OnePlus,1
43,103162,15.0,3,0,5,2.0,Realme,0
54,104031,15.0,4,1,5,2.0,Xiaomi,0
21,89613,15.0,4,1,5,2.0,Samsung,1
53,72348,15.0,4,1,5,2.0,Xiaomi,1
39,96863,15.0,3,0,5,2.0,Realme,0
54,63434,15.0,0,0,5,2.0,OnePlus,0
48,70382,15.0,3,0,5,2.0,Xiaomi,0
38,118636,15.0,1,1,5,2.0,OnePlus,0
24,54935,15.0,0,1,5,2.0,Samsung,0
59,31505,15.0,2,0,5,2.0,Realme,0
19,89789,15.0,1,0,5,2.0,Realme,1
18,108763,15.0,2,1,5,2.0,OnePlus,0
20,99535,15.0,2,1,5,2.0,Samsung,1
44,112597,15.0,2,0,5,2.0,Realme,0
55,94480,15.0,4,0,5,2.0,OnePlus,0
59,71862,15.0,2,1,5,2.0,Apple,0
35,107714,15.0,1,1,5,2.0,Samsung,0
51,119379,15.0,1,1,5,2.0,Realme,1
44,32953,15.0,2,0,5,2.0,OnePlus,0
41,75111,15.0,0,0,5,2.0,Xiaomi,1
59,71353,15.0,0,1,5,2.0,Realme,0
24,75166,15.0,0,0,5,2.0,Samsung,0
31,52443,15.0,0,0,5,2.0,Realme,0
30,44834,15.0,0,0,5,2.0,Samsung,1
58,62406,15.0,4,1,5,2.0,Apple,0
43,119834,15.0,0,0,5,2.0,Xiaomi,1
20,48226,15.0,0,1,5,2.0,Realme,0
18,109031,15.0,0,1,5,2.0,Xiaomi,0
31,57949,15.0,0,1,5,2.0,Apple,0
18,97442,15.0,3,0,5,2.0,OnePlus,0
29,61952,15.0,1,0,5,2.0,OnePlus,0
39,113481,15.0,2,1,5,2.0,Xiaomi,1
56,52787,15.0,1,1,5,2.0,Samsung,0
34,83106,15.0,3,0,5,2.0,OnePlus,1
39,107929,15.0,3,1,5,2.0,Realme,1
40,99201,15.0,1,0,5,2.0,Samsung,0
48,88188,15.0,4,1,5,2.0,OnePlus,0
26,79393,15.0,0,1,5,2.0,OnePlus,0
43,102925,15.0,2,1,5,2.0,Xiaomi,1
38,48883,15.0,1,1,5,2.0,Xiaomi,0
45,43440,15.0,1,0,5,2.0,OnePlus,1
18,118378,15.0,3,1,5,2.0,Xiaomi,1
51,63519,15.0,0,1,5,2.0,Realme,0
50,37894,15.0,1,1,5,2.0,Apple,0
